loan_word,original_word
Abelmann,Abelmann
Abeln,Abeln
Abend,Abend
abendmusik,Abendmusik
Abgesang,Abgesang
abgeschmackt,abgeschmackt
Abitur,Abitur
Abiturient,Abiturient
ablaut,Ablaut
Abler,Abler
abraum,abräumen
abseil,abseilen
abstand,Abstandsprache
accordion,Akkordeon
ach-laut,Ach-Laut
Ackert,*Agjōharduz
acra,Akren
acronym,Akronym
actograph,Aktograph
Adel,*aþalaz
Adelmann,Adelmann
adenine,Adenin
adsorption,Adsorption
AfD,AfD
Affenspalte,Affenspalte
Afterlehen,Afterlehen
agamont,Agamont
Ahaus,Ahaus
Ahlborn,Ahlborn
Ahlen,Ahlen
ahlspiess,Ahlspieß
Ahmann,Ahmann
Ahnenerbe,Ahnenerbe
ahnentafel,Ahnentafel
Aigner,Aigner
airorhynchy,Airorhynchie
aktionsart,Aktionsart
alampy,Alampie
albumblatt,Albumblatt
aldehyde,Aldehyd
alexin,Alexine
algolagnia,Algolagnie
Alig,Alig
alkane,Alkan
alkapton,Alkapton
allele,Allel
allergy,Allergie
alles anderes ist Menschenwerk,alles
Allgaier,Allgaier
Allgeier,Allgeier
allopathy,Allopathie
Alms,Alms
alpenstock,Alpenstock
alpenstocker,alpenstöcker
alphorn,Alphorn
altbier,Altbier
Altdorf,Altdorf
Altenhofen,Altenhofen
Altschul,Altschul
ambivalence,Ambivalenz
Ambs,Ambs
Amerika,Amerika
Amtmann,Amtmann
Anaheim,Anaheim
Anderle,Anderle
Andrist,Andrist
angst,Angst
Anheuser,Anheuser
aniline,Anilin
animism,Animismus
anlage,Anlage
anlaut,Anlaut
ansatz,Ansatz
Ansbacher,Ansbacher
anschauung,Anschauung
Anschluss,Anschluss
Anspach,Anspach
Ante,Ante
anti-Semite,Antisemit
Antifa,Antifa
apatite,Apatit
apfelstrudel,Apfelstrudel
apomixis,Apomixis
apophenia,Apophänie
App,App
Appelhans,Appelhans
Appelt,Appelt
Appenzeller,Appenzeller
aquastor,aquastor
Arends,Arends
arginine,Arginin
Ariosophy,Ariosophie
Arklitten,Arklitten
Arlberg,Arlberg
Arlberg Pass,Arlbergpass
Armin,Armin
Arns,Arns
Arps,Arps
Arys,Arys
Aschaffenburg,Aschaffenburg
Asimus,Asimus
Asmus,Asmus
Asperger,Asperger
Aspirin,Aspirin
Auer,Auer
Auerbach,Auerbach
Auernheimer,Auernheimer
Auf der Maur,Auf der Maur
auf Wiedersehen,auf Wiedersehen
aufeis,Aufeis
Aufgabe,Aufgabe
Aufklärer,Aufklärer
Aufklärung,Aufklärung
auflauf,Auflauf
aufwuchs,Aufwuchs
Augsburger,Augsburger
Aumann,Aumann
auratic,auratisch
aurochs,Aurochs
ausbau,Ausbausprache
Ausbruch,Ausbruch
auslaut,Auslaut
auslese,Auslese
austausch,Austausch
Austerlitz,Austerlitz
Austroasiatic,Austroasiatisch
Austronesian,Austronesisch
autism,Autismus
autobahn,Autobahn
autological,autologisch
automat,Automat
autotomy,Autotomie
Axt,Axt
Baaden,Baaden
Baatz,Baatz
Babler,Babler
backfisch,Backfisch
Baden-Baden,Baden-Baden
Baedeker,Baedeker
Baerbock,Bärbock
Bahler,Bähler
Bahner,Bahner
Baller,Baller
Balsam,Balsam
Balster,Balster
Balter,Balter
Band,Band
Bandel,Bandel
Bank,*bankô
Barbian,Barbian
Barbock,Bärbock
Barendt,Barendt
Barfuss,Barfuss
Barlage,Barlage
Barndt,Barndt
barouche,Barutsche
Barten,Barten
Barthold,Barthold
Bartmann jug,Bartmann
Bartnick,Bartnick
Basel-Landschaft,Basel-Landschaft
Basel-Stadt,Basel-Stadt
Basse,Basse
basset horn,Bassetthorn
Bathke,Bathke
Battenberg,Battenberg
Battenberger,Battenberger
batz,Batz
Batzel,Batzel
batzen,Batzen
Bau,Bau
Baucke,Baucke
baud,*balþaz
Bauer,Bauer
Bauhaus,Bauhaus
Baum,Baum
Baumann,Baumann
Baumkuchen,Baumkuchen
bauplan,Bauplan
Bauserman,Bauserman
bean counter,Erbsenzähler
bebung,Bebung
Bechler,Bechler
Bechtel,Bechtel
Becker,Becker
Beeker,Beeker
Beese,Beese
Beethoven,beet hoven
Behnken,Behnken
Behrle,Behrle
beikost,Beikost
Beilfuss,Beilfuss
Beilke,Beilke
Beisler,Beisler
Beit,Beit
Beitz,Beitz
Belger,Belger
belletrist,Belletrist
Belling,Belling
Belting,Belting
Benecke,Benecke
Benesch,Benesch
Bengel,Bengel
Benne,Benne
Benz,Benz
Berbock,Bärbock
Berchtold,Berchtold
Bereitschaftspotential,Bereitschaftspotential
Bergfeld,Bergfeld
bergfried,Bergfried
Berggruen,Berggrün
Berghoff,Berghoff
bergshrund,Bergschrund
bergstock,Bergstock
Beringer,Beringer
Berliner,Berliner
Berling,Berling
Bernards,Bernards
Berndt,Berndt
Bernhardt,Bernhardt
Bernskoetter,Bernskötter
Bernstein,Bernstein
Berres,Berres
Bersch,Bersch
Bertke,Bertke
bertram,Bertram
Besserwisser,Besserwisser
Bessinger,Bessinger
Bethe,Bethe
Betker,Betker
Bett,Bett
Bettenhausen,Bettenhausen
Bettin,Bettin
Betzer,Betzer
Betzold,Betzold
Beus,Beus
Beutel,Beutel
biandry,Biandrie
Bichler,Bichler
Bichsel,Bichsel
Bieber,Bieber
Bielefeld,Bielefeld
Bieler,Bieler
Bierer,Bierer
biergarten,Biergarten
bierkeller,Bierkeller
bierstube,Bierstube
Bildstein,Bildstein
bildungsroman,Bildungsroman
bilirubin,Bilirubin
biliverdin,Biliverdin
Billig,Billig
Billinger,Billinger
biosphere,Biosphäre
biotin,Biotin
Birchler,Birchler
Birchmeier,Birchmeier
Birkner,Birkner
Birnbach,Birnbach
Birnbaum,Birnbaum
Birx,Birx
Bischof,Bischof
Bischofberger,Bischofberger
Biser,Biser
Bismarck,Bismarck
bismuth,Wismuth
Biss,Biss
Bittenbinder,Bittenbinder
bitterling,Bitterling
Blankenburg,Blankenburg
Blatz,Blatz
Blauschild,Blauschild
Blehm,Blehm
bleicherde,Bleicherde
Bleiler,Bleiler
blende,Blende
Bless,Bless
Blessinger,Blessinger
blick,Blick
Blitz,Blitzkrieg
blitzer,Blitz
blitzkrieg,Blitzkrieg
Blomberg,Blomberg
Blome,Blome
Bludenz,Bludenz
Bluemel,Blümel
Blume,Blume
Blumenberg,Blumenberg
Blumenfeld,Blumenfeld
Blumenkopf,Blumenkopf
Blumenthal,Blumenthal
blutwurst,Blutwurst
Bobst,Bobst
Boch,Boch
bockwurst,Bockwurst
Boeckmann,Böckmann
Boeding,Böding
Boehnlein,Böhnlein
Boehringer,Böhringer
Boeing,Böing
Boell,Bøll
Bohlander,Bohländer
Bohm,Böhm
Bohne,Bohne
Boland,Boland
Boll,Bøll
Bolle,Bolle
Bollenbacher,Bollenbacher
Bollenhut,Bollenhut
Bollinger,Bollinger
Bolschevism,Bolschewismus
Bongard,Bongard
Bonn,Bonn
boom,bummen
Booms,Booms
Borchard,Borchard
Bosse,Bosse
Bossler,Bossler
bott hammer,Botthammer
Bottcher,Böttcher
botulin,Botulin
botulism,Botulismus
Botz,Botz
bower,*būraz
Brachle,Brachle
Braker,Bräker
Brandle,Brändle
Brandt,Brandt
Branner,Branner
bratwurst,Bratwurst
Brauch,Brauch
Brauer,Brauer
Braunschild,Braunschild
Braunschweig,Braunschweig
Brecheisen,Brecheisen
Brede,Brede
Bregenz,Bregenz
Breisach,Breisach
Breisch,Breisch
Breisgau,Breisgau
Breitkreutz,Breitkreutz
breitschwanz,Breitschwanz
Brem,Brem
Bremen,Bremen
Bremmer,Bremmer
bremsstrahlung,Bremsstrahlung
Brennecke,Brennecke
Brennschluss,Brennschluß
Brethauer,Brethauer
brille,Brille
Brinkmann,Brinkmann
Brix,Brix
Brixen,Brixen
Brockhaus,Brockhaus
brompicrin,Brompikrin
brool,Brüll
Brosch,Brosch
Brosius,Brosius
brötchen,Brötchen
brotform,Brotform
Brubacher,Brubacher
Bruckner,Bruckner
Brucks,Brucks
Brueck,Brück
Bruer,Bruer
Bruggemann,Brüggemann
Brunhild,Brunhilde
Brunkhorst,Brunkhorst
Bub,Bub
Bucha,Bucha
Bucher,Bucher
Buchholz,Buchholz
Buchinger,Buchinger
Buchler,Büchler
Buchmann,Buchmann
buckling,Bückling
Budweiser,Budweiser
Buege,Büge
Buehler,Bühler
Buening,Büning
Buetow,Bütow
Bullinger,Bullinger
Bulow,Bülow
bummer,Bummler
bund,Bund
Bunde,Bunde
Bundesrat,Bundesrat
Bundestag,Bundestag
Bunke,Bunke
Bunsen,Bunsen
Burbach,Burbach
Burggraf,Burggraf
Buri,Buri
Burmeister,Burmeister
bursch,Bursche
Busler,Busler
Buss,Buss
Bussing,Büssing
Butter,Butter
butterbrot,Butterbrot
Buttke,Buttke
cabanossi,Cabanossi
cabbeling,Kabbelung
caffeine,Caffein
cameralist,Kameralist
capelle,Kapelle
Capito,Capito
Carl,Charles
cartel,Kartell
carthoun,Kartaune
Casar,Cäsar
cathepsin,Kathepsin
centgrave,Zentgraf
centner,Zentner
centromere,Centromer
Chiemgauer,Chiemgauer
chorale,Choral
Christkindl,Christkindl
Christlieb,Christlieb
chromatin,Chromatin
chromatogram,Chromatogramm
chromosome,Chromosom
Claus,Claus
claviature,Klaviatur
clavichord,Klavichord
Colditz,Colditz
commissar,Kommissar
Conrad,Konrad
Consistorialrath,Consistorialrath
Cramer,Cramer
craniopagus,Kraniopagus
creosote,Kreosot
crout,Kraut
currywurst,Currywurst
cytoblast,Cytoblast
cytoplasm,Zytoplasma
cytosine,Cytosin
D-mark,D-Mark
dachshund,Dachshund
dachshunde,Dachshunde
dacite,Dazit
Dagen,Dagen
Dahlem,Dahlem
Daimler,Daimler
Danker,Danker
Dannenberg,Dannenberg
Danzig,Danzig
Danziger,Danziger
Darmstadt,Darmstadt
Das Reich,Das Reich
dasein,Dasein
Dassow,Dassow
datenkraken,Datenkraken
Dauber,Dauber
Dauenhauer,Dauenhauer
dauer,Dauer
dauerschlaf,Dauerschlaf
debreciner,Debreciner
debrecziner,Debrecziner
debreziner,Debreziner
deckle,Deckel
Deel,Deel
Degen,Degen
Dehler,Dehler
dehnstufe,Dehnstufe
Deiss,Deiss
Deiter,Deiter
Delbrück,Delbrück
delicatessen,Delikatessen
Delitzsch,Delitzsch
Demel,Demel
dementia praecox,dēmentia
Demler,Demler
Demus,Demus
Denhardt,Denhardt
Denning,Denning
Dering,Dering
Deringer,Deringer
Dern,Dern
desman,Desman
Deter,Deter
Deterding,Deterding
Detlefsen,Detlefsen
Detter,Detter
Dettling,Dettling
Deutsch,Deutsch
Deutsche Mark,Deutsche Mark
Deutscher,Deutscher
Dexheimer,Dexheimer
Dexit,Dexit
dichotic,dichotisch
dickkopf,Dickkopf
Dieck,Dieck
Diederich,Diederich
Dieffenbach,Dieffenbach
Diekhoff,Diekhoff
diener,Diener
Dietze,Dietze
diktat,Diktat
Dilger,Dilger
Dinger,Dinger
diosgenin,Diosgenin
Dircks,Dircks
Dirksen,Dirksen
dirndl,Dirndl
Dittmann,Dittmann
Ditzel,Ditzel
Dobberstein,Dobberstein
Dobermann,Dobermann
Dobler,Dobler
Dockstader,Dockstader
documentation,Dokumentation
Doenges,Dönges
Dohmen,Dohmen
Dohn,Dohn
Dohner,Döhner
Dohrmann,Dohrmann
Dolge,Dolge
doline,Doline
Dollinger,Dollinger
Domeier,Domeier
Donaustadt,Donaustadt
doppelbock,Doppelbock
doppelganger,Doppelgänger
Doren,Dören
dorf,Dorf
Dorff,Dorff
Doring,Döring
Dornfeld,Dornfeld
Dorpat,Dorpat
Dortmunder,Dortmund
Dost,Dost
Drachenfutter,Drachenfutter
dramaturge,Dramaturg
Drechsel,Drechsel
Drees,Drees
dreibein,Dreibein
Dreibund,drei
dreikanter,Dreikanter
Dreimorengesetz,Dreimorengesetz
Dreiser,Dreiser
Dresden,Dresden
Dresen,Dresen
Dressen,Dressen
Dressler,Dressler
drilling,Drilling
Drucker,Drucker
Drumpf,Drumpf
Dubrow,Dubrow
Duchscherer,Duchscherer
Dueck,Dück
Dufner,Dufner
Duisburg,Duisburg
dulcian,Dulzian
dummkopf,Dummkopf
Düna,Düna
Düne,Düne
Dunker,Tunker
dur,Dur
During,Dühring
Düsseldorf,Düsseldorf
dysarthria,Dysarthrie
Ebben,Ebben
Eberling,Eberling
Ebeye,Ebeje
Ebinger,Ebinger
Eblen,Eblen
echt,echt
Eckart,Eckart
Eckenrode,Eckenrode
Eckert,Eckert
Eckey,Eckey
Eckmann,Eckmann
Eckstein,Eckstein
Edelmann,Edelmann
Edelschild,Edelschild
Edelstein,Edelstein
edelweiss,Edelweiß
Eder,Eder
Eggemeyer,Eggemeyer
Egler,Egler
Ehinger,Ehinger
Ehrenreich,Ehrenreich
Ehrmann,Ehrmann
Eiben,Eiben
Eichel,Eichel
Eichenberg,Eichenberg
Eichholz,Eiche
Eiland,Eiland
Eilert,Eilert
Eimer,Eimer
einkorn wheat,Einkorn
Einsatzgruppe,Einsatzgruppe
Einsiedeln,Einsiedeln
Einstein,Einstein
Einstellung,Einstellung
Eisbock,Eisbock
Eischen,Eischen
Eisenbach,Eisenbach
Eisenberger,Eisenberger
Eisenhauer,Eisenhauer
Eisenstein,Eisenstein
Eisinger,Eisinger
eiswein,Eiswein
elative,Elativ
Elbe,Elbe
Elfers,Elfers
Elise,Elise
Elsa,Elsa
Elsass,Elsass
Elting,Elting
Emch,Emch
Emel,Emel
Emler,Emler
emmer,Emmer
Encke,Encke
Ender,Ender
Enders,Enders
energid,Energid
Energiewende,Energiewende
Engelken,Engelken
Engert,Engert
engram,Engramm
Enneking,Enneking
Ennen,Ennen
Ensminger,Ensminger
Entlebucher,Entlebucher
Entscheidungsproblem,Entscheidungsproblem
Entz,Enz
enzyme,Enzym
eosin,Eosin
eosinophil,eosinophil
Epstein,Epstein
Erbe,Erbe
ergotamine,Ergotamin
Erich,Erich
Erlenmeyer,Erlenmeyer
ermelin,Hermelin
Ernst,Ernst
Ernster,Ernster
ersatz,Ersatz
Ertz,Ertz
Esch,Esch
Esker,Esker
Esslinger,Esslinger
ester,Ester
eszett,Eszett
ethyl,Ethyl
etiolin,Etiolin
eucaine,Eukain
euchre,Juckerspiel
eustasy,eustatische
Evert,Evert
Existenz,Existenz
extratone,extrahieren
Eyrich,Eyrich
Faas,Faas
Fabacher,Fabacher
fachidiot,Fachidiot
fackeltanz,Fackeltanz
Fahl,Fahl
fahlband,Fahlband
fahlerz,Fahlerz
Fahr,Fahr
Fahrenheit,Fahrenheit
Fahrner,Fahrner
Fahrvergnügen,Fahrvergnügen
faltboat,Faltboot
Fandrich,Fandrich
Fassnacht,Fassnacht
Faulstich,Faulstich
Feder,Feder
Federweisser,Federweißer
Fehrenbacher,Fehrenbacher
Feigenbaum,Feigenbaum
Feiler,Feiler
Felch,Felch
feldgrau,Feldgrau
Feldman,Feldmann
feldwebel,Feldwebel
felsenmeer,Felsenmeer
Fender,Fenrich
fenster,Fenster
Fenter,Fenter
Fess,Fess
fest,Fest
festbier,Festbier
festschrift,Festschrift
Fette,Fette
Feucht,Feucht
Feuerborn,Feuerborn
Feuerstein,Feuerstein
Ficker,Ficker
Fiebig,Fiebig
Fiedler,Fiedler
Fienen,Journal of German-American Studies
fife,Pfeife
Figge,Figge
Fillinger,Fillinger
Filter,Filter
Finder,Finder
Finkel,Finkel
firn,Firn
Fischer,Fischer
Fischler,Fischler
Fitzner,Fitzner
flak,FlaK
flammkuchen,Flammkuchen
Flath,Flath
Flegel,Flegel
flehm,flehmen
flehman,flehmen
Flehman,flehmen
flehmen,flehmen
Fleischer,Fleischer
Floch,Floch
Floersch,Flörsch
Fluegel,Flügel
flugelhorn,Flügelhorn
foehn,Föhn
Foell,Föll
Foertsch,Förtsch
folklorism,Folklorismus
Forelle,Forelle
forellenstein,Forellenstein
formant,Formant
Forst,Forst
Forstner,Forstner
Frankenberg,Frankenberg
Frankenberger,Frankenberger
Frankenstein,Frankenstein
Frankfurt am Main,Frankfurt am Main
frankfurter,Frankfurter
Frankfurter,Frankfurter
Frankhauser,Frankhauser
Franz,Franz
frass,Fraß
frau,Frau
Frauenfeld,Frauenfeld
fraulein,Fräulein
Frech,frech
Freiberger,Freiberger
Freikorps,Freikorps
Frerichs,Frerichs
Frericks,Frericks
fresh,*frisk
fress,fressen
Freudenburg,Freudenburg
Freudenheim,Freudenheim
Friedersdorf,Friedersdorf
Friedmann,Friedmann
Friedt,Friedt
frikadellen,Frikadellen
Frischmann,Frischmann
Fritz,Fritz
Froese,Fröse
Frohlich,Fröhlich
Frommer,Frommer
Fuchs,Fuchs
Fuelling,Fülling
Fuhrer,Führer
Führer,Führer
Fulda,Fulda
Full,Full
Funke,Funke
Funkspiel,Funkspiel
funktionslust,Funktionslust
Gabert,Gabert
Gagen,Gagen
Gahr,Gahr
Galster,Galster
Gansser,Gansser
Ganzer,Ganzer
ganzfeld,ganz
Garbe,Garbe
Garms,Garms
Garrelts,Garrelts
Gass,Gass
Gassenheimer,Gassenheimer
Gassmann,Gassmann
Gaster,Gaster
Gasthaus,Gasthaus
Gau,Gau
gauleiter,Gauleiter
Gaumer,Gaumer
Gebel,Gebel
Gebhardt,Gebhardt
Geck,Geck
gedankenexperiment,Gedankenexperiment
Geerdes,Geerdes
Geffert,Geffert
gegenhalten,Gegenhalten
gegenion,gegen
gegenpressing,gegenpressing
gegenschein,Gegenschein
Gegg,Gegg
Gehlhausen,Gehlhausen
Gehling,Gehling
Gehm,Gehm
Gehring,Gehring
Gehrke,Gehrke
Geisel,Geisel
Geisen,Geisen
Geist,Geist
geist,Geist
gelande,Gelände
geländeläufer,Geländeläufer
gelandesprung,Geländesprung
gelbstoff,Gelbstoff
Gellert,Gellert
Gellman,Gellmann
gemeinschaft,Gemeinschaft
gemütlich,gemütlich
Gemütlichkeit,Gemütlichkeit
gene,Gen
Gensel,Gensel
Genter,Genter
Genthner,Genthner
geognosy,Geognosie
Geopolitik,Geopolitik
Georgi,Georgi
geotectonics,Geotektonik
Geppert,Geppert
Gera,Gera
Gerads,Gerads
Gerdts,Gerdts
Gerhardt,Gerhardt
Gerhold,Gerhold
Gericke,Gericke
Geringer,Geringer
Gerken,Gerken
Gerloff,Gerloff
Germer,Germer
Gernert,Gernert
Gerold,Gerold
Gersch,Gersch
Gerstner,Gerstner
Gertsch,Gertsch
Gesamtkunstwerk,Gesamtkunstwerk
Gesellschaft,Gesellschaft
Gessler,Gessler
gestalt,Gestalt
Gestapo,Gestapo
gesundheit,Gesundheit
Gettler,Gettler
Gewürztraminer,Gewürztraminer
gibel,Gibel
Gick,Gick
Giebel,Giebel
Gierth,Gierth
Giesen,Giesen
Gieser,Gieser
Gietzen,Gietzen
Gingerich,Güngerich
Gisler,Gisler
Glahn,Glahn
Glas,Glas
Glauber,Glauber
Glawe,Glawe
Gleckner,Glöckner
Gleich,Gleich
Gleichschaltung,Gleichschaltung
globin,Globin
glockenspiel,Glockenspiel
Glockner,Glöckner
Gloeckner,Glöckner
Gloor,Gloor
Glückstadt,Glückstadt
Gluckstein,Glückstein
gluhwein,Glühwein
Gluth,Gluth
gneiss,Gneis
Godel,Gödel
Goding,Göding
Goebbels,Goebbels
Goecke,Göcke
Goeden,Goeden
Goepfert,Göpfert
Goerke,Goerke
Goers,Görs
Gohmert,Gohmert
Gohr,Gohr
Goldfarb,Goldfarb
Goldkopf,Goldkopf
Goldschmidt,Goldschmidt
Goldstein,Gold
Goldwasser,Goldwasser
Golz,Golz
Gompers,Gompers
Goos,Goos
Gores,Göres
Goschen,Göschen
gose,Gose
Gott in Himmel,Gott im Himmel
Gottschee,Kočevje
Gottscheer,Gottscheer
Gottscheerish,Gottscheerisch
Gottwald,Gottwald
graben,Graben
Grabert,Grabert
Grabner,Grabner
graf,Graf
Grafe,Grafe
graff,Graf
Grahl,Grahl
Grall,Grall
Gramer,Gramer
grammatischer Wechsel,grammatischer Wechsel
Graner,Graner
Granzow,Granzow
graphite,Graphit
Gras,Gras
Grasmick,Grasmick
Grau,Grau
Graubünden,Graubünden
graupel,Graupel
grauwacke,Grauwacke
grenz ray,Grenz
Grether,Grether
Gretz,Gretz
Grieger,Grieger
Griesemer,Griesemer
Grimme,Grimme
Gritz,Gritz
grobian,Grobian
Gronau,Gronau
groschen,Groschen
Grossberg,Grossberg
Grossman,Grossmann
Grothaus,Grothaus
Grothendieck,Grothendieck
Gruen,Gruen
Gruenwald,Grünwald
Gruetzmacher,Grützmacher
Grunder,Gründer
grundnorm,Grundnorm
Grunow,Grunow
Grupp,Grupp
Guck,Guck
Guenther,Guenther
gugel,Kogel
Guhl,Guhl
guhr,Guhr
gulasch,Gulasch
guldengroschen,Guldengroschen
Gumbert,Gumbert
Gunter,Gunther
Gunther,Gunther
Gussow,Gussow
Gut,Gut
Gutekunst,Gutekunst
guten Tag,guten Tag
Gutenberg,Gutenberg
Gütersloh,Gütersloh
Gutwein,Gutwein
Gutzmer,Gutzmer
Gygax,Gygax
Haacker,Haacker
haarscheibe,Haarscheibe
Haase,Haase
Habecker,Habecker
Haberkorn,Haberkorn
Haberle,Haberle
Habermehl,Habermehl
Habig,Habig
Hackl,Hackl
Hackmann,Hackmann
Hader,Hader
Haecker,Häcker
Haefele,Häfele
Hafner,Hafner
Hagemeier,Hagemeier
Hagemeyer,Hagemeyer
Hagen,Hagen
Hagenbuch,Hagenbuch
Hagner,Hagner
Hahn,Hahn
hakenkreuz,Hakenkreuz
Halberstadt,Halberstadt
Halder,Halder
Halfmann,Halfmann
Halleck,Halleck
Hallig,Hallig
Hallstatt,Hallstatt
Haltiwanger,Haltiwanger
Hamburg,Hamburg
hamburger,Hamburger
Hamelin,Hameln
Hamler,Hamler
Hampe,Hampe
hamster,Hamster
Handlanger,Handlanger
Hanft,Hanft
hangerock,Hängerock
Hankel,Hankel
Hanni,Hänni
Hans,Hans
Hansmann,Hansmann
Hanswurst,Hanswurst
Hantz,Hantz
Happ,Happ
Happe,Happe
Harl,Harl
Harlacher,Harlacher
Harle,Härle
harmonica,Harmonika
Harnack,Harnack
Harnisch,Harnisch
Harpel,Harpel
Harrer,Harrer
Hartenstein,Hartenstein
Hartje,Hartje
Hartlaub,Hartlaub
Hartstein,Hartstein
Harz,Harz
Haselhorst,Haselhorst
hasenpfeffer,Hasenpfeffer
Haske,Haske
Hasse,Hasse
Hasselhoff,Hasselhoff
Hast,Hast
Hauer,Hauer
Hauerland,Hauerland
Haufschild,Haufschild
Hauptvermutung,Hauptvermutung
Hauschild,Hauschild
Hauschildt,Hauschildt
hausen,Hausen
Hauser,Hauser
Hausfrau,Hausfrau
Hauswald,Hauswald
Hauswirth,Hauswirth
Haut,Haut
Hauter,Häuter
hawsom,Hausen
Haydn,Haydn
Hayer,Hayer
Hebenstreit,Hebenstreit
Heberer,Heberer
Heberle,Heberle
Heberlein,Heberlein
Hechinger,Hechinger
heckelphone,Heckelphon
Hedtke,Hedtke
Hedwig,Hedwig
Heeg,Heeg
hefeweizen,Hefeweizen
Hefley,Häfele
heft,*habiþō
Hegel,Hegel
Hehr,Hehr
Heibel,Heibel
Heiberger,Heiberger
Heichel,Heichel
Heidorn,Heidorn
heil,Heil
Heiligenberg,Heiligenberg
heiligenschein,Heiligenschein
Heilsgeschichte,Heilsgeschichte
Heim,Heim
Heimbach,Heimbach
Heimweh,Heimweh
Heine,Heine
Heineck,Heineck
Heineken,Heineken
Heinrich,Heinrich
Heisenberg,Heisenberg
Heisig,Heisig
Heisner,Heisner
Heister,Heister
Heizer,Heizer
heldentenor,Heldentenor
Helf,Helf
Helget,Helget
heller,Heller
helles,Helles
Helmbrecht,Helmbrecht
Helmer,Helmer
Helmerich,Helmerich
Helmig,Helmig
Hemker,Hemker
Hengel,Hengel
Hengst,Hengst
Henneke,Henneke
Hensel,Hänsel or Hensel
hep,hep
Herbart,Herbart
Herbrand,Herbrand
Herbst,Herbst
Herdt,hart
Hereth,Hereth
Herisau,Herisau
Herne,Herne
heroin,Heroin
Herren,Herren
herrenvolk,Herrenvolk
Herrig,Herrig
Herrnhuter,Herrnhuter
Hertenstein,Hertenstein
Hertha,Hertha
Hertlein,Hertlein
Hertz,Hertz
Herwarth,Herwarth
Herzel,Herzel
Herzog,Herzog
Hesch,Hesch
Hesse,Hesse
Hesseman,Hessemann
Heuring,Heuring
hexenbesen,Hexenbesen
hexenmeister,Hexenmeister
Heyden,Heyden
Hickel,Hickel
hidradenitis,Hidradenitis
Hiester,Hiester
Hildebrand,Hildebrand
Hildegard,Hildegard
Hilgenberg,Hilgenberg
Hillegass,Hillegass
Hillesheim,Hillesheim
Himmel,Himmel
Himmelberger,Himmelberger
Hinderer,Hinderer
Hinkel,Hinkel
Hinnenkamp,Hinnenkamp
Hinners,Hinners
hinterland,Hinterland
Hintermeier,Hintermeier
Hirschberg,Hirschberg
histone,Histon
historism,Historismus
Hiwi,Hiwi
Hobert,Hobert
Hobl,Hobl
Hochschild,Hochschild
hochwohlgeboren,hochwohlgeboren
Hoeffner,Höffner
Hoeger,Höger
Hoelzel,Hölzel
Hoeppner,Höppner
hof,Hof
Hoffarth,Hoffarth
Hoffenberg,Hoffenberg
Hoffman,Hoffmann
Hoffmeister,Hoffmeister
Hofschild,Hofschild
Hohenstaufen,Hohenstaufen
Hohenzollern,Hohenzollern
hohlraum,Hohlraum
Holbach,Holbach
Holderbaum,Holderbaum
Holdorf,Holdorf
Hollinder,Hollinder
holocoen,Holocoen
holosaprophyte,Holosaprophyt
Holste,Holste
Holzhauer,Holzhauer
Homann,Homann
homeopathy,Homöopathie
Homeyer,Homeyer
homoeopath,Homöopath
homosexual,Homosexual
Horch,Horch
Hornbacher,Hornbacher
hornblende,Hornblende
Hornburg,Hornburg
hornfels,Hornfels
horst,Horst
Horst,Horst
Hostettler,Hostettler
Hottel,Hottel
Hottenstein,Hottenstein
house frau,Hausfrau
Hovermale,Habermehl
Howald,Howald
hoy,Heu
Huber,Huber
Hübschmann,Hübschmann
huchen,Huchen
Hucke,huck
Huebsch,Hübsch
Hueffer,Hüffer
Huettl,Hüttl
Hufnagel,Hufnagel
hügelkultur,Hügelkultur
Hulskamp,Hülskamp
Hultz,Hültz
Huneke,Hüneke
Hurler,Hurler
Husser,Hüsser
Huster,Huster
Hutzel,Hutzel
Huwe,Huwe
Huy,Huy
hypomania,Hypomanie
Ich,Ich
ich-laut,Ich-Laut
idioticon,Idiotikon
Ilgenfritz,Ilgenfritz
Illig,Illig
Imhoff,Imhoff
Imig,Imig
Imler,Imler
Immelman,Immelmann
Immelmann,Immelmann
Ingber,Ingber
inlaut,Inlaut
inselberg,Inselberg
Interlaken,Interlaken
intersex,Intersexe
ipsissimosity,Ipsissimosität
Irlbeck,Irlbeck
Isch,Isch
Islampolitik,Islampolitik
isodapane,Isodapane
isopiptesis,Isepiptesen
isorhythm,Isorhythmik
isotim,Isotim
Jabs,Jabs
jaeger,Jäger
Jaggi,Jäggi
Jahnke,Jahnke
Jann,Jann
Jansch,Jansch
Jantz,Jantz
Janz,Janz
Jauch,Jauch
Jehle,Jehle
Jena,Jena
Jeske,Jeske
Joachimsthaler,Joachimsthaler
Jobst,Jobst
Jod-Basedow phenomenon,Jod
Joerger,Jörger
Joh,Joh
Johannisberger,Johannisberger
Jonigkeit,Jonigkeit
Jost,Jost
judenrein,judenrein
Juenger,Jünger
jugendstil,Jugendstil
Juhnke,Juhnke
Jungfrau,Jungfrau
Kabel,Kabel
Kachel,Kachel
kachelofen,Kachelofen
Kaden,Kaden
Kaeding,Käding
Kaeser,Käser
kaffeeklatsch,Kaffeeklatsch
Kafka,Kafka
Kagel,Kagel
Kahler,Kahler
Kahnwald,Kahnwald
Kainz,Kainz
Kaiser,Kaiser
kaiserlich,kaiserlich
kaiserschmarrn,Kaiserschmarrn
Kaiserslautern,Kaiserslautern
Kalbach,Kalbach
Kalbfleisch,Kalbfleisch
Kali,Kalium
Kalk,Kalk
Kalkbrenner,Kalkbrenner
Kall,Kall
Kallman,Kallmann
kamerad,Kamerad
Kammer,Kammer
Kammerer,Kämmerer
Kampe,Kampe
Kannenberg,Kannenberg
Kantzer,Kantzer
Kanzler,Kanzler
kapellmeister,Kapellmeister
kapo,Kapo
kaput,kaputt
Karger,Karger
Karl,Karl
Karrer,Karrer
karst,Karst
Karst,Karst
Karstens,Karstens
Kasch,Kasch
Kase,Käse
Kasel,Kasel
kasern,Kaserne
Kasinger,Kasinger
Kassebaum,Kassebaum
Kassel,Kassel
Kastl,Kastl
Katcher,Kätcher
katophorite,Katoforite
Katzbalger,Katzbalger
katzenjammer,Katzenjammer
Katzenklavier,Katzenklavier
Kauer,Kauer
Kauffman,Kauffmann
Kaufhold,Kaufhold
Kaufman,Kauffmann
Kaus,Kaus
Kauth,Kauth
Keding,Keding
Kehres,Kehres
Keidel,Keidel
Keinath,Keinath
Kelch,Kelch
kelch,Kelch
Keltz,Keltz
Kemmerling,Kemmerling
Kempen,Kempen
Kempf,Kempf
Kenkel,Kenkel
Kensinger,Kensinger
Kentner,Kentner
keratin,Keratin
Kerbs,Kerbs
Kerl,Kerl
Kessler,Kessler
kibble,Kübel
Kien,Kien
Kienitz,Kienitz
Kiesling,Kiesling
Kiesow,Kiesow
Kille,Kille
Killenberg,Killenberg
kindergarten,Kindergarten
kindergärten,Kindergärten
Kines,Kainz
kino,Kino
Kinzler,Kinzler
kipfel,Kipfel
Kipfer,Kipfer
Kirchgessner,Kirchgessner
Kirchhoefer,Kirchhöfer
Kirchner,Kirchner
Kirmse,Kirmse
kirschwasser,Kirschwasser
Kissler,Kissler
Kister,Kister
kit,kitte
kitsch,Kitsch
Klabautermann,Klabautermann
Klahr,Klahr
Klamm,Klamm
Klang,Klang
klang,Klang
Klapp,Klapp
Klapper,Klapper
Klapperich,Klapperich
klappvisier,Klappvisier
Klass,Klass
klatch,Klatsch
Klausing,Klausing
Klausner,Klausner
Klecker,Klecker
Klees,Klees
Kleeschulte,Kleeschulte
Kleier,Kleier
Kleis,Kleis
Kleve,Kleve
Kliemann,Kliemann
Klien,Klien
klipdachs,Klippdachs
Klippel,Klippel
Kloeppel,Klöppel
Kloetzer,Klötzer
Kloiber,Kloiber
Kloss,Kloss
Klossner,Klossner
Kloster,Kloster
Klostermann,Klostermann
Kloth,Kloth
Klotzer,Klötzer
Klug,Klug
Klunder,Klünder
Kmetz,Kmetz
Knappenberger,Knappenberger
Knaus,Knaus
Knechtel,Knechtel
Kneer,Kneer
Kneip,Kneip
Knerr,Knerr
Kness,Kness
Knieriem,Knieriem
Knierim,Knierim
Knippel,Knippel
Knoblauch,Knoblauch
Knoch,Knoch
Knoell,Knöll
Knopf,Knopf
Knopp,Knopp
Knost,Knost
Knoth,Knoth
Knueppel,Knüppel
Knuettel,Knüttel
Knust,Knust
Kober,Kober
Kochel,Köchel
Kocher,Köcher
Koelsch,Kölsch
Koeneke,Köneke
Koenigsberg,Königsberg
Koeppe,Köppe
Koetter,Kötter
Kogler,Kogler
Kohl,Kohl
Kohlberg,Kohlberg
Kohler,Köhler
Kohlmann,Kohlmann
kohlrabi,Kohlrabi
Kohne,Köhne
Kohr,Kohr
Kohrs,Kohrs
Kolander,Kolander
Kolb,Kolb
Kole,Kohl
Köln,Köln
Kölsch,Kölsch
kombi,Kombi
Königsberg,Königsberg
Königsberger Klopse,Königsberger Klopse
Konrath,Konrath
Koppen,Köppen
Koschier,Koschier
Kosel,Kosel
kosmische musik,kosmische Musik
Kottwitz,Kottwitz
Kowitz,Kowitz
Koy,Koy
Kozi,Kozi
Kraatz,Kraatz
Krabbe,Krabbe
Kramp,Kramp
Krampus,Krampus
Krane,Krane
Krass,Krass
Krause,Krause
kräusen,krausen
Krauser,Krauser
Krauss,Krauß
Kraut,Kraut
Kreider,Kreider
Kreifels,Kreifels
Kreimendahl,Kreimendahl
Kreiter,Kreiter
Kremers,Kremers
Krenzer,Krenzer
Kresse,Kresse
Kressin,Kressin
Kreuser,Kreuser
Kreutzmann,Kreutzmann
Kriegsmarine,Kriegsmarine
Kristallnacht,Kristallnacht
Krock,Krock
Kroening,Kröning
Krotz,Krotz
Krotzer,Krotzer
Kruchten,Kruchten
Kruger,Krüger
Krumholz,Krumholz
krummholz,Krummholz
krummhorn,Krummhorn
Krupp,Krupp
Kubitz,Kubitz
kuchen,Kuchen
Kucher,Kucher
Kuchler,Küchler
Kuecker,Kücker
Kuennen,Künnen
Kuether,Küther
Kuffel,Küffel
Kuhne,Kuhne
Kuhns,Kuhns
Kuhr,Kuhr
Kukuk,Kukuk
kultur,Kultur
kulturkampf,Kulturkampf
Kulturträger,Kulturträger
Kulturwort,Kulturwort
kummel,Kümmel
Kunath,Kunath
Kunert,Kunert
kunstkammer,Kunstkammer
Künstlerroman,Künstlerroman
Kuntz,Kuntz
kurort,Kurort
kursaal,Kursaal
Kurtenbach,Kurtenbach
Kuske,Kuske
Kussmaul,Kussmaul
Kutsch,Kutsch
Kwajalein,Kwajalein
Kyser,Kyser
Laatsch,Laatsch
Labiau,Labiau
Ladewig,Ladewig
lagerstätte,Lagerstätte
Lahm,Lahm
Lallwort,Lallwort
Lamke,Lamke
lammergeier,Lämmergeier
lampenflora,Lampenflora
Lamprecht,Lamprecht
Landeshauptmann,Landeshauptmann
Landsberg,Landsberg
Landsknecht,Landsknecht
Landstuhl,Landstuhl
Landtag,Landtag
landvogt,Landvogt
Landwehr,Landwehr
Langenberg,Langenberg
Langeness,Langeneß
Langhoff,Langhoff
langlauf,Langlauf
Langsam,Langsam
Larch,Larch
Lasser,Lässer
Last,Last
latschen,latschen
Laubscher,Laubscher
Lauman,Laumann
Laumann,Laumann
Launer,Launer
Lausch,Lausch
lauter,lauter
Lauter,Lauter
Lauterbach,Lauterbach
Lautner,Lautner
lauwine,Lawine
Lavater,Lavater
Lebensraum,Lebensraum
lebkuchen,Lebkuchen
Lechtenberg,Lechtenberg
lederhosen,Lederhose
Leffert,Leffert
Leh,Leh
Lehnen,Lehnen
Leibfried,Leibfried
Leichenhaus,Leichenhaus
Leick,Leick
Leidig,Leidig
Leier,Leier
Leinweber,Leinweber
Leising,Leising
leitmotif,Leitmotiv
Lemberg,Lemberg
Lemberger,Lemberger
Lemcke,Lemcke
Lemke,Lemke
Lemp,Lemp
Lender,Lender
Lentsch,Lentsch
Lenzen,Lenzen
Leonore,Leonore
Lessing,Lessing
leuchtenbergite,Leuchtenbergit
leukemia,Leukämie
Leuthold,Leuthold
Leven,Leven
Leyen,Leyen
Lich,Lich
Liebel,Liebel
Liebelt,Liebelt
Liebestod,Liebestod
Liebfraumilch,Liebfrauenmilch
Liebler,Liebler
Liechtenstein,Liechtenstein
Liechtensteiner,Liechtensteiner
lied,Lied
Lieder,Lieder
Lienemann,Lienemann
Lienhard,Lienhard
Liestal,Liestal
Lilienthal,Lilienthal
Lill,Lill
Limmer,Limmer
Lindemann,Lindemann
Lindenbaum,Lindenbaum
Lindner,Lindner
linguistic,linguistisch
Linne,Linne
Linse,Linse
Lipman,Lipmann
Lippy,Lippe
Lips,Lips
Lipschutz,Lipschütz
Liske,Liske
Lissner,Lissner
Lisztomania,Lisztomanie
lithography,Lithographie
loden,Loden
Loder,Loder
Loeber,Löber
Loeffler,Löffler
loess,Löss
Loewenstein,Löwenstein
Loffler,Löffler
Lohmiller,Lohmiller
loipe,Loipe
Lorber,Lorber
Lorelei,Lorelei
Lortz,Lortz
Losch,Losch
Lose,Lose
Loser,Löser
Lossing,Lossing
Lotspeich,Lotspeich
loup,Luppe
Löwchen,Löwchen
Lowenberg,Löwenberg
Lubitz,Lubitz
Luckow,Luckow
Ludemann,Lüdemann
Ludewig,Ludewig
Ludwig,Ludwig
Luers,Lürs
luft,Luft
Luftwaffe,Luftwaffe
Lügenpresse,Lügenpresse
lumpen,Lumpenproletariat
lumpenproletariat,Lumpenproletariat
Lunden,Lunden
Lüneburg,Lüneburg
Lurz,Lurz
Luster,Luster
Luthi,Lüthi
Lutz,Lutz
Luy,Luy
Maahs,Maahs
maar,Maar
Machamer,Machamer
mache,Mache
machtpolitik,Machtpolitik
Mackauer,Mackauer
Maechler,Mächler
Maerz,März
Magdeburg,Magdeburg
magenstrasse,Magenstraße
maibock,Maibock
Mainz,Mainz
Mainzer,Mainzer
Mand,Mand
Mandel,Mandel
Mangel,Mangel
mangelwurzel,Mangold
Mannes,Mannes
Männlein,Männlein
Manthe,Manthe
Manthei,Manthei
Manthey,Manthey
Marbach,Marbach
margarodite,Margarodit
Marien,Marien
mariengroschen,Mariengroschen
Marohn,Marohn
Marolf,Marolf
Marsch,Marsch
Marx,Marx
marzipan,Marzipan
Masoner,Masoner
Matern,Matern
Matheis,Matheis
Mattes,Mattes
Mautz,Mautz
Max,Max
Maybach,Maybach
Maylander,Mayländer
Mechler,Mechler
meerschaum,Meerschaum
Meesdorf,Meesdorf
Mehrer,Mehrer
Meidinger,Meidinger
Meier,Meier
Mein,Mein
Meininger,Meininger
Meinzer,Meinzer
Meiring,Meiring
Meis,Meis
Meisinger,Meisinger
meister,Meister
meld,melden
melittin,Melittin
Memelland,Memelland
menarche,Menarche
Mencke,Mencke
Mende,Mende
Meng,Meng
Menker,Menker
Menschanschauung,Menschanschauung
Menzer,Menzer
Mercedes-Benz,Mercedes-Benz
Merfeld,Merfeld
meridian,Meridian
meristem,Beiträge zur Wissenschaftlichen Botanik
Merkel,Merkel
Meschede,Meschede
Meske,Meske
Mess,Mess
Messmer,Messmer
methyl,Methyl
Meyering,Meyering
Meyn,Meyn
Michelob,Michelob
Miescher,Miescher
Milbenkäse,Milbe
Milbrath,Milbrath
Milke,Milke
Millimetternich,Millimetternich
Miltner,Miltner
milzbrand,Milzbrand
Minges,Minges
minnesinger,Minnesinger
minorat,Minorat
Mischling,Mischling
mispickel,Mispickel
Mitfreude,Mitfreude
mitgehen,mitgehen
mitmachen,mitmachen
mitosis,Mitose
Mitsch,Mitsch
mittelschmerz,Mittelschmerz
Mittelstadt,Mittelstädt
Mittelstaedt,Mittelstädt
Mitzi,Mitzi
mixoscopy,Mixoscopie
mneme,Mneme
Möbius,Möbius
Moder,Moder
moderlieschen,Moderlieschen
Moebius,Möbius
Moede,Möde
Moehle,Möhle
Moermann,Mörmann
mol,Mol
moldavite,Moldawit
mondmilch,Mondmilch
Monnig,Mönnig
monocyte,Monozyt
Montag,Montag
mops,Mops
Morgen,Morgen
morgen,Morgen
morgenstern,Morgenstern
Mormann,Mormann
morphine,Morphin
Moser,Moser
Much,Much
Mucker,Mucker
Muehlhauser,Mühlhauser
Mueller,Müller
Muellner,Müllner
muenster,Münster
mum,Mumme
Mumme,Mumme
Munchausen,Münchausen
Munsch,Munsch
Münster,Münster
Münsterland,Münsterland
Münsterländisch,Münsterländisch
Munter,Münter
Musbach,Musbach
Musch,Musch
Muschelkalk,Muschelkalk
muscimol,Muscimol
Musolf,Musolf
Nachbaur,Nachbaur
Nachlass,Nachlass
Nachleben,Nachleben
Nachreiner,Nachreiner
Nachschlag,Nachschlag
Nadel,Nadel
Naeger,Näger
Naegler,Nägler
Nafziger,Nafziger
Napp,Napp
narcissism,Narzissismus
Nase,Nase
nase,Nase
Nassau,Nassau
Nathe,Nathe
Natt,Natt
Natzke,Natzke
Nawrath,Nawrath
Nazi,Nazi
Neander,Neander
Neanderthal,Neanderthal
Necker,Necker
Neeb,Neeb
Nees,Nees
Nehls,Nehls
Nehmzow,Nehmzow
Neidert,Neidert
Neidhardt,Neidhardt
Neidig,Neidig
Neiger,Neiger
Neils,Neils
Neises,Neises
Neiss,Neiss
Neitz,Neitz
nekton,Nekton
Nenninger,Nenninger
neoteny,Neotenie
Nesler,Nesler
Netz,Netz
Neuberger,Neuberger
Neuendorf,Neuendorf
Neuhaus,Neuhaus
Neukam,Neukam
Neumayer,Neumayer
Neumeier,Neumeier
Neunubel,Neunübel
Neunuebel,Neunübel
Neuroth,Neuroth
Neustadt,Neustadt
neutrophil,Neutrophil
Neuwirth,Neuwirth
Neyer,Neyer
nickel,Nickel
Nied,Nied
Nieder,Nieder
Niederhauser,Niederhauser
Niedermeyer,Niedermeyer
Niersteiner,Niersteiner
Nietzsche,Nietzsche
nihilism,Nihilismus
Nimmer,Nimmer
Nimtz,Nimtz
nish,nichts
Nitsche,Nitsche
Nitzel,Nitzel
nix,nix
Noecker,Nöcker
Noffke,Noffke
Nolf,Nolf
Noller,Nöller
Nordmeyer,Nordmeyer
Notname,Notname
Notter,Notter
noumenon,Noumenon
Nullstellensatz,Nullstellensatz
Nuremberg,Nürnberg
Nusser,Nusser
Oberdorf,Oberdorf
Obergruppenführer,Obergruppenführer
Oberlander,Oberländer
Oberle,Oberle
Obringer,Obringer
Obst,Obst
ochronosis,Ochronosis
Ochsner,Ochsner
Ockler,Öckler
Oda,Oda
Odebrecht,Odebrecht
Oelkers,Ölkers
Oelschlager,Ölschläger
Oetken,Oetken
Oetting,Oetting
Offer,Offer
Offner,Offner
Ohl,Ohl
Ohlinger,Ohlinger
Oldenberg,Oldenberg
Oligocene,Oligozän
olm,Olm
Olmütz,Olmütz
Oltmanns,Oltmanns
oma,Oma
Omlor,Omlor
Onken,Onken
Oppenheim,Oppenheim
Oppenheimer,Oppenheimer
Orbach,Orbach
ordoliberal,Ordoliberalismus
ordoliberalism,Ordoliberalismus
Orf,Orf
orfe,orfe
orgone,Orgon
ornis,Ornis
Ortner,Ortner
Ortsgruppenleiter,Ortsgruppenleiter
ostalgia,Ostalgie
Oster,Oster
Osterkamp,Osterkamp
ostmark,Ostmark
Ostpolitik,Ostpolitik
Ottens,Ottens
Otto,Otto
ozone,Ozon
Pagenstecher,Pagenstecher
Palluch,Palluch
pandeism,Pandeismus
panentheism,Panentheismus
Pankow,Pankow
pannhas,Pannhas
Panning,Panning
panzer,Panzer
Panzerfaust,Panzerfaust
Papenburg,Papenburg
Papenfuss,Papenfuss
paprikahuhn,Paprikahuhn
Paschke,Paschke
Paske,Paske
Passau,Passau
Pastorius,Schäfer
Paulick,Paulick
pedelec,Pedelec
pedophilia,Pädophilie
Peetz,Peetz
Pehl,Pehl
Pelikan,Pelikan
pennal,Pennal
pepsin,Pepsin
peptide,Peptid
peptone,Pepton
Perlmutter,Perlmutter
Perlow,Perlov
Pernsteiner,Pernsteiner
persipan,Persipan
Petsch,Petsch
Petter,Ludewig
Pfaff,Pfaff
Pfahler,Pfahler
Pfalz,Pfalz
pfalzgraf,Pfalzgraf
Pfefferkorn,Pfefferkorn
pfeffernusse,Pfeffernüsse
Pfeil,Pfeil
Pfenning,Pfenning
Pfingsten,Pfingsten
Pfister,Pfister
Pfizer,Pfizer
Pflaum,Pflaum
Pflieger,Pflieger
Pflug,Pflug
pfropfschizophrenie,Pfropfschizophrenie
phaleristics,Phaleristik
phasin,Phasin
phloem,Phloëm
phylogenesis,Phylogenese
phylogenetic,phylogenetisch
phylogeny,Phylogenie
pickelhaube,Pickelhaube
Picker,Picker
Piech,Piëch
Pietschmann,Pietschmann
Pille,Pille
pilsener,Pilsener
pilsner,Pilsner
Piltz,Pilz
pimp,Pimpf
Pinnow,Pinnow
pinscher,Pinscher
Pinsker,Pinsker
Pischke,Pischke
Pistole,Pistole
Placke,Placke
Plambeck,Plambeck
plankton,Plankton
Plass,Plass
Platt,Platt
Platte,Platte
Platten,Platten
Platz,Platz
Platzer,Platzer
Plessinger,Plessinger
Plett,Plett
Pletz,Pletz
Plodarisch,Plodarisch
Ploetz,Plötz
pluderhose,Pluderhose
plunder,plündern
Pohle,Pohle
poliomyelitis,Poliomyelitis
Pollan,Pollan
poltergeist,Poltergeist
polygonboden,Polygonboden
pornocracy,Pornokratie
porphyrin,Porphyrin
Porsche,Porsche
Porth,Porth
posaune,Posaune
Posner,Posner
Prader,Prader
Praeger,Präger
Prager,Prager
pralltriller,Pralltriller
Prater,Prater
Precht,Precht
Prehn,Prehn
Prellwitz,Prellwitz
presbytinnitus,Presbytinnitus
Pressburg,Pressburg
pretzel,Pretzel
Preusser,Preusser
Preyer,Preyer
Prinz,Prinz
privatdozent,Privatdozent
Probst,Propst
Proesel,Prösel
prosit,prosit
Pross,Pross
Protestant,Protestant
protoplasm,Protoplasma
prozymite,Prozymit
psilocybin,Psilocybin
psychoid,Psychoid
Pultz,Pültz
purine,Purin
Puth,Puth
putsch,Putsch
putschist,Putschist
Putz,Putz
pyrimidine,Pyrimidin
qualm,*kwalm
quark,Quark
quartz,Quarz
Quenzer,Quenzer
quermassintegral,Quermaße
Quest,Quest
Raab,Raab
Raap,Raap
Raatz,Raatz
Rabold,Rabold
Radaune,Radaune
Radermacher,Radermacher
Radke,Radke
radler,Radler
Raeder,Räder
Raetz,Rätz
Raffel,Raffel
Rahming,Rahming
Raible,Raible
Ramp,Ramp
Ramthun,Ramthun
randkluft,Randkluft
Ranft,Ranft
Rappe,Rappe
Rapunzel,Rapunzel
rapunzel,Rapunzel
raster,Raster
Rath,Rath
Rathe,Rathe
Rathje,Rathje
rathskeller,Rathskeller
Rauschenberg,Rauschenberg
realpolitik,Realpolitik
realschule,Realschule
Reckner,Reckner
Redder,Redder
Redinger,Redinger
Redlich,Redlich
Redlinger,Redlinger
Reef,Reef
Reff,Reff
regie-book,Regiebuch
Regietheater,Regietheater
Reich,Reich
Reichelt,Reichelt
Reichenbach,Reichenbach
Reichenberger,Reichenberger
Reichskanzler,Reichskanzler
reichsmark,Reichsmark
Reichspfennig,Reichspfennig
Reichstag,Reichstag
Reicks,Reicks
Reidel,Reidel
Reider,Reider
Reier,Reier
Reifsteck,Reifsteck
Reiger,Reiger
Rein,Rein
Reinig,Reinig
Reining,Reining
Reininger,Reininger
Reinoehl,Reinöhl
Reinstein,Reinstein
Reinwald,Reinwald
Reisdorf,Reisdorf
Reisenauer,Reisenauer
Reitmeyer,Reitmeyer
Remmel,Remmel
Remmers,Remmers
Remmert,Remmert
Rennert,Rennert
Rensch,Rensch
repetitorium,Repetitorium
Reschke,Reschke
Rettinger,Rettinger
Retz,Retz
Reuss,Reuss
Reusser,Reusser
Reutemann,Reutemann
Reutzel,Reutzel
Rexroth,Rexroth
Rhyner,Rhyner
ribose,Ribose
Richner,Richner
Richter,Richter
Ricklefs,Ricklefs
Riechers,Riechers
Riedesel,Riedesel
Riedlinger,Riedlinger
riegel,Riegel
Riegert,Riegert
Riehm,Riehm
Riek,Riek
Ries,Ries
Riesen,Riesen
Riesenberg,Riesenberg
Riesling,Riesling
Riesterer,Riesterer
Rietz,Rietz
Riggenbach,Riggenbach
rille,Rille
Rilling,Rilling
rinderpest,Rinderpest
Rindfleisch,Rindfleisch
Rinne,Rinne
Rissler,Rissler
Ritzer,Ritzer
Robeck,Robeck
Roberg,Roberg
robinsonade,Robinsonade
Rockstroh,Rockstroh
Rodenbeck,Rodenbeck
Rodenberg,Rodenberg
Roediger,Rödiger
Roemer,Römer
Roggenbuck,Roggenbuck
Roggenkamp,Roggenkamp
Roggow,Roggow
Rohlf,Rohlf
Rohrs,Röhrs
Roker,Röker
Rolfs,Rolfs
Roloff,Roloff
Rombach,Rombach
Römertopf,Römertopf
Röntgen,Röntgen
Rosenburg,Rosenburg
Rosensaft,Rosensaft
Rosenstein,Rosenstein
Rosenstock,Rosenstock
Rosenthal,Rosenthal
Roske,Roske
Rosner,Rösner
Rotenberg,Rotenberg
Rotert,Rotert
Rothgeb,Rothgeb
Rothkopf,Rothkopf
Rothschild,Rothschild
Rothstein,Rothstein
Rotkohl,Rotkohl
Rottenberg,Rottenberg
Rottinghaus,Rottinghaus
Rottweiler,Rottweiler
Rotwelsch,Rotwelsch
Rovner,Rovner
Rubeck,Rubeck
Ruck,Ruck
rucksack,Rucksack
Ruden,Ruden
Rüdesheimer,Rüdesheimer
Rudolph,Rudolph
Rueb,Rüb
Rueger,Rüger
Ruegg,Rügg
Ruegsegger,Rüegsegger
Ruhe,Ruhe
Ruhlmann,Rühlmann
Ruinenlust,Ruinenlust
Runk,Runk
Rusche,Rusche
rutch,rutschen
rute,Rute
Ruter,Rüter
Ruther,Ruther
S-train,S-Bahn
Saam,Saam
Saarbrücken,Saarbrücken
Saarburg,Saarburg
Sacher,Sacher
Sachertorte,Sachertorte
sackung,Sackung
Salmen,Salmen
salmiac,Salmiak
salonfähig,salonfähig
Salzberg,Salzberg
Salzburg,Salzburg
Salzmann,Salzmann
Salzwedel,Salzwedel
Sammis,Sammis
Sandow,Sandow
sapropel,Sapropel
Sarnen,Sarnen
sastruga,Sastruga
sastrugi,Sastrugi
Sauber,Sauber
sauerkraut,Sauerkraut
Sauser,Sauser
Schaab,Schaab
Schabel,Schabel
schadenfreude,Schadenfreude
Schadler,Schädler
Schaefer,Schaefer
schalenblende,Schalenblende
Schamberger,Schamberger
Schamp,Schamp
Schandelmeier,Schandelmeier
schandmantel,Schandmantel
Schank,Schank
Schappert,Schappert
Scharer,Schärer
Scharnhorst,Scharnhorst
Schartz,Schartz
Schatzman,Schatzmann
Schau,Schau
Schauf,Schauf
Schaum,Schaum
Schechner,Schechner
Scheherazade,Scheherazade
Scheibel,Scheibel
Scheiber,Scheiber
Scheiderer,Scheiderer
scheisse,Scheiße
Schemmel,Schemmel
Schenk,Schenk
Schenkel,Schenkel
scherenschnitte,Scherenschnitte
Schermer,Schermer
Scheurer,Scheurer
Scheurich,Scheurich
Schieffer,Schieffer
Schiel,Schiel
Schieren,Schieren
Schiesser,Schiesser
Schiffmann,Schiffmann
Schild,Schild
Schildt,Schildt
Schindler,Schindler
schizont,Schizont
Schlag,Schlag
Schlageter,Schlageter
schlagsahne,Schlagsahne
Schlamperei,Schlamperei
Schlangen,Schlangen
Schlanger,Schlanger
Schlauch,Schlauch
Schlee,Schlee
Schlei,Schlei
Schleif,Schleif
Schleis,Schleis
Schleswig,Schleswig
Schlichter,Schlichter
Schlitt,Schlitt
Schlitz,Schlitz
Schlobohm,Schlobohm
Schloesser,Schlösser
Schloss,Schloss
Schlossberg,Schlossberg
Schmahl,Schmahl
Schmale,Schmale
Schmall,Schmall
schmaltz,Schmalz
Schmaltz,Schmaltz
Schmehl,Schmehl
Schmelz,Schmelz
Schmelzle,Schmelzle
Schmidlin,Schmidlin
Schmieg,Schmieg
Schmierer,Schmierer
Schmiesing,Schmiesing
Schnabel,Schnabel
Schnapp,Schnapp
schnapps,Schnaps
schnauzer,Schnauzer
Schneiter,Schneiter
Schnitker,Schnitker
schnitzel,Schnitzel
Schnorr,Schnorr
schnorrer,Schnorrer
Schnurr,Schnurr
Schober,Schober
Scholle,Scholle
Scholtes,Scholtes
Schomburgk,Schomburgk
Schone,Schöne
Schopf,Schopf
schorl,Schörl
Schorn,Schorn
Schowalter,Schowalter
Schrader,Schrader
Schrager,Schräger
Schrammelmusik,Schrammelmusik
Schratz,Schratz
Schraufnagel,Schraufnagel
Schreger,Schreger
Schreiber,schreiben
Schreier,Schreier
Schreifels,Schreifels
Schreiner,Schreiner
Schrenk,Schrenk
Schrepfer,Schrepfer
Schreyer,Shreyer
Schrimpf,Schrimpf
Schroder,Schröder
Schrödinger,Schrödinger
Schroeder,Schröder
Schroll,Schroll
Schrumpf,Schrumpf
Schubert,Schubert
Schuchardt,Schuchardt
Schuchert,Schuchert
Schuermann,Schuermann
Schuko,Schutzkontakt
Schulberg,Schulberg
Schuld,Schuld
Schulke,Schülke
Schulmerich,Schulmerich
Schultz,Schultz
Schuman,Schumann
Schumann,Schumann
Schumpert,Schumpert
Schupbach,Schupbach
Schurz,Schurz
schuss,Schuss
Schutter,Schütter
Schützenfest,Schützenfest
Schutzstaffel,Schutzstaffel
schwa,Schwa
Schwab,Schwab
Schwall,Schwall
Schwaller,Schwaller
Schwartz,Schwartz
Schwarz,Schwarz
Schwarzkopf,Schwarzkopf
schwarzlot,Schwarzlot
Schwarzschild,Schwarzschild
schwebeablaut,Schwebeablaut
Schweer,Schweer
Schweiss,Schweiss
Schweitzer,Schweitzer
Schweizer,Schweizer
Schwellenangst,Schwellenangst
Schweppe,Schweppe
Schwer,Schwer
schwerpunkt,Schwerpunkt
Schwertfeger,Schwertfeger
Schwieger,Schwieger
Schwier,Schwier
Schwimmer,Schwimmer
Schwindt,Schwindt
Schwyz,Schwyz
scopolamine,Skopolamin
Seck,Seck
Seebeck,Seebeck
Seeberger,Seeberger
Seefeld,Seefeld
Seehafer,Seehafer
Seek,Seek
Segler,Segler
Sehnsucht,Sehnsucht
Seibt,Seibt
seidel,Seidel
Seidenberg,Seidenberg
Seider,Seider
Seidner,Seidner
Seifert,Seifert
Seigle,Seigle
Selig,Selig
seltzer,Selterser
semester,Semester
seminar,Seminar
Sen,Sen
seston,Seston
Seyer,Seyer
Shaeffer,Schäfer
shaman,Schamane
Sheaffer,Schäfer
Shertzer,Schertzer
Shimmel,Schimmel
shirk,Schurke
Sick,Sick
Sickinger,Sickinger
Sickler,Sickler
sideromelane,Sideromelane
Sieben,Sieben
Siebold,Siebold
Siefker,Siefker
Siegenthaler,Siegenthaler
Siegfried,Siegfried
Sieh,Sieh
Sielaff,Sielaff
Sieler,Sieler
Siemon,Siemon
Sigl,Sigl
Silberstein,Silberstein
Simmer,Simmer
Sindt,Sindt
sinfonietta,Sinfonietta
singspiel,Singspiel
Sippenhaft,Sippenhaft
Sippenhaftung,Sippenhaftung
Sitz im Leben,Sitz im Leben
sitzball,Sitzball
Sitzfleisch,Sitzfleisch
sitzkrieg,Sitzkrieg
Sitzmann,Sitzmann
sitzprobe,Sitzprobe
skat,Skat
Sky,Himmel
slack,*slakaz
snit,snit
snorkel,Schnorchel
Soder,Söder
Soeder,Söder
Sommerfeld,Sommerfeld
Sommerfeldt,Sommerfeldt
Sonderbund,Sonderbund
Sondheim,Sondheim
songspiel,Songspiel
Sonne,Sonne
Sonnenschein,Sonnenschein
Sonnenshine,Sonnenschein
Sorb,Sorbe
Soth,Soth
Sozi,Sozi
Spader,Spader
spaetzle,Spätzle
Spanbauer,Spanbauer
spangenhelm,Spangenhelm
Spartz,Spartz
Speck,Speck
Speier,Speier
Speiser,Speiser
speiskobalt,Speiskobalt
Spengler,Spengler
Sperlich,Sperlich
Speth,Speth
Speyer,Speyer
spiegeleisen,Spiegeleisen
Spiegelman,Spiegelmann
Spiegelmann,Spiegelmann
spiel,Spiel
Spielberg,Spielberg
spieler,Spieler
spielfreak,Spielfreak
spinnbarkeit,Spinnbarkeit
Spitzenkorper,Spitzenkörper
Splinter,Splinter
Spoerl,Spörl
Spohr,Spohr
Spomer,Spomer
Sporer,Sporer
Sporleder,Sporleder
sprachbund,Sprachbund
Sprachgefühl,Sprachgefühl
Sprachraum,Sprachraum
Sprang,Sprang
spreite,Spreite
Spreitzer,Spreitzer
springerle,Springerle
spritzer,Spritzer
Stabler,Stäbler
Stacker,Stäcker
Staheli,Stäheli
Stahlhelm,Stahlhelm
Stahnke,Stahnke
stalag,Stalag
Stamer,Stamer
Stammbaum,Stammbaum
Stammen,Stammen
Stammer,Stammer
Stanger,Stanger
Stangler,Stangler
Staub,Staub
stauchwall,Stauchwall
Staudacher,Staudacher
Stauder,Stauder
Steber,Steber
Stechschulte,Stechschulte
Stecklein,Stecklein
Steffel,Steffel
Steffensmeier,Steffensmeier
Steiger,Steiger
Steigerwald,Steigerwald
Stein,Stein
Steinbach,Steinbach
steinbock,Steinbock
Steinborn,Steinborn
Steinbrenner,Steinbrenner
Steiner,Steiner
Steines,Steines
Steinhilber,Steinhilber
steinkern,Steinkern
steinstrasse,Steinstraße
Stelle,Stelle
Stempel,Stempel
Stemper,Stemper
Stengel,Stengel
Sterkel,Sterkel
Stettner,Stettner
Steuber,Steuber
Stevener,Stevener
Stichter,Stichter
Stief,Stief
Stieglitz,Stieglitz
Stiehl,Stiehl
Stifter,Stifter
Stirnweis,Stirnweis
Stoffregen,Stoffregen
stoichiometry,Stöchiometrie
Stolberg,Stolberg
stollen,Stollen
stolperstein,Stolperstein
Stopp,Stopp
Storch,Storch
Stork,Stork
stoss,stoss-
Stover,Stöver
strafe,strafe
strahlstein,Strahlstein
Strasser,Strasser
Strassner,Strassner
Strauss,Strauss
Strehle,Strehle
streusel,Streusel
Streuselkuchen,Streuselkuchen
Strickling,Strickling
Stroh,Stroh
Strohmeyer,Strohmeyer
Strole,Ströle
stroll,strollen
Strothmann,Strothmann
strudel,Strudel
Strupp,Strupp
Stuckert,Stuckert
Stuka,Stuka
Sturm,Sturm
Sturm und Drang,Sturm und Drang
Sturmabteilung,Sturmabteilung
subimago,Subimago
Sudbeck,Südbeck
Sudeten,Sudeten-
Sudler,Sudler
Suffixaufnahme,Suffixaufnahme
Sulser,Sulser
Sunderman,Sundermann
Supan,Supan
Susskind,Süsskind
sussreserve,Süßreserve
Sutor,Sutor
swindler,Schwindler
Sydow,Sydow
Szekler,Szekler
tagwerk,Tagwerk
Tannenbaum,Tannenbaum
Tanzer,Tanzer
Tanzhaus,Tanzhaus
Tatzel,Tatzel
Tatzelwurm,Tatzelwurm
Tauer,Tauer
Tegel,Tegel
Tegetmeier,Tegetmeier
Teitel,Teitel
teleophobia,Teleophobie
Tempelhof,Tempelhof
tensor,Tensor
terminology,Terminologie
teschenite,Teschen
Teschner,Teschner
Tess,Tess
Teufel,Teufel
Teutonic Order,Deutscher Orden
Teutsch,Teutsch
Tewes,Tewes
Thaler,Thaler
thalweg,Thalweg
Theiler,Theiler
Theisen,Theisen
Theiss,Theiss
Thier,Thier
Thiesen,Thiesen
Thul,Thul
Thull,Thull
Thum,Thum
Tiemeyer,Tiemeyer
Timme,Timme
Timmermann,Timmermann
Tisch,Tisch
Tjaden,Tjaden
Todt,Todt
Toebe,Töbe
Toerpe,Törpe
"toi, toi, toi",toi
Top,Top
Tornow,Tornow
torte,Torte
Totenkopf,Totenkopf
Totter,Totter
Trabant,Trabant
Trachsel,Trachsel
Trachtenberg,Trachtenberg
Trageser,Trageser
transvestite,Transvestitismus
Traugott,Traugott
Trausch,Trausch
Trautwein,Trautwein
treff,Treff
Treinen,Treinen
Treml,Treml
treppe,Treppe
Tress,Tress
Treu,Treu
Trier,Trier
triskeles,Triskeles
Trogen,Trogen
trommel,Trommel
Troost,Troost
Tropp,Tropp
Trost,Trost
trub,trüb
Trump,Trump
Trumper,Trümper
Trunk,Trunk
tryptophan,Tryptophan
Tübingen,Tübingen
Turck,Turck
twen,Twen
Ubben,Ubben
uber,über-
übermensch,Übermensch
Uecker,Uecker
Ulmer,Ulmer
Umlauf,Umlauf
umlaut,Umlaut
Umwelt,Umwelt
unberufen,unberufen
Undine,Undine
unheimlich,unheimlich
unke,Unke
unken,Unke
unkenreflex,Unkenreflex
Unkenreflex,Unkenreflex
Untermensch,Untermensch
untermensch,Untermensch
ur-continent,Urkontinent
ur-ocean,Urozean
Urbach,Urbach
urbarium,Urbarium
urgrund,Urgrund
urheimat,Urheimat
Urner,Urner
urning,Urning
Urschleim,Urschleim
Ursprache,Ursprache
urstromtal,Urstromtal
Utech,Utech
Utecht,Utecht
utz,uzen
Vaeth,Väth
vagile,vagil
valence,Valenz
Vater,Vater
Vatter,Vatter
Vaupel,Vaupel
Venter,Venter
verboten,verboten
Verfremdungseffekt,Verfremdungseffekt
verstehen,Verstehen
Vesper,Vesper
Vettel,Vettel
Vetter,Vetter
vierling,Vierling
Villwock,Villwock
visier,Visier
Voegeli,Vögeli
Voegelin,Vögelin
Voelcker,Völcker
Voeltz,Völtz
Voelz,Völz
Voge,Vöge
Vogeler,Vogeler
Vogelgesang,Vogelgesang
Vogelpohl,Vogelpohl
Vogelsang,Vogelsang
Vogler,Vogler
Voigt,Voigt
Völkerwanderung,Völkerwanderung
völkisch,völkisch
volkslied,Volkslied
Volkspolizei,Volkspolizei
Volkswagen,Volkswagen
Vollbrecht,Vollbrecht
von Daniken,von Däniken
Von Ruden,Von Ruden
Vonbargen,von Bargen
Vonbehren,Von Behren
vonce,Schwanz
Vopo,Vopo
Vorarlberg,Vorarlberg
vorbeireden,Vorbeireden
Vorlage,Vorlage
vorlage,Vorlage
vorlages,Vorlage
Vorpahl,Vorpahl
Vosberg,Vosberg
Waage,Waage
Wachtel,Wachtel
Waffen-SS,Waffen-SS
Wagenknecht,Wagenknecht
Wahlen,Wahlen
Waldemar,Waldemar
Waldmann,Waldmann
waldrapp,Waldrapp
Waldschmidt,Waldschmidt
waldzither,Waldzither
Wallis,Wallis
Walpurgisnacht,Walpurgisnacht
Walser,Walser
waltz,Walzer
Wand,Wand
wanderjahr,Wanderjahr
wanderjahre,Wanderjahre
wanderlust,Wanderlust
Wanderwort,Wanderwort
Wanderworte,Wanderworte
Wanderwörter,Wanderwörter
Wangerin,Wangerin
Wannemacher,Wannemacher
Wantz,Wantz
Warmuth,Warmuth
Wasmer,Wasmer
Wassen,Wassen
wasserman,Wasserman
Wasserstein,Wasserstein
Wassmer,Wassmer
weck,Weck
wedeln,Wedeln
Weers,Weers
Wehrle,Wehrle
Wehrli,Wehrli
Wehrmacht,Wehrmacht
Weiand,Weiand
Weichel,Weichel
Weichselbaum,Weichselbaum
Weichselstadt,Weichselstadt
Weidel,Weidel
Weidemann,Weidemann
Weidenbach,Weidenbach
Weidenfeld,Weidenfeld
Weider,Weider
Weigel,Weigel
Weigold,Weigold
Weihe,Weihe
Weik,Weik
Weikel,Weikel
Weimar,Weimar
Weinand,Weinand
Weinberg,Weinberg
Weinheimer,Weinheimer
Weinreb,Weinreb
Weinstein,Weinstein
Weinstock,Weinstock
Weintraub,Weintraub
Weinzierl,Weinzierl
Weirich,Weirich
Weiser,Weiser
Weishaupt,Weishaupt
Weisheit,Weisheit
weissbier,Weißbier
Weissmann,Weissmann
wels,Wels
weltanschauung,Weltanschauung
Weltansicht,Weltansicht
Weltbild,Weltbild
Weltpolitik,Weltpolitik
weltschmerz,Weltschmerz
Wemhoff,Wemhoff
Wenck,Wenck
Wendorf,Wendorf
Wendorff,Wendorff
Wenig,Wenig
Weninger,Weninger
Wenke,Wenke
Wenninger,Wenninger
Wenzl,Wenzl
Werber,Werber
Wermuth,Wermuth
Wernick,Wernick
Wertheim,Wertheim
wertrational,wertrational
Wertzberger,Wertzberger
Wesche,Wesche
Wesenberg,Wesenberg
Wessman,Wessmann
Westfalish,Westfälisch
Westmünsterländisch,Westmünsterländisch
Westrum,Westrum
Westrup,Westrup
Wetli,Wetli
Wettstein,Wettstein
Wetz,Wetz
Weygandt,Weygandt
wheedle,*wēþlōną
Wicke,Wicke
Widder,Widder
Widhalm,Widhalm
Wieberg,Wieberg
Wiebusch,Wiebusch
Wied,Wied
Wiederhold,Wiederhold
Wiedmann,Wiedmann
Wiegers,Wiegers
Wiegmann,Wiegmann
Wiehe,Wiehe
Wiemann,Wiemann
Wiemers,Wiemers
Wiener schnitzel,Wiener Schnitzel
Wiesbaden,Wiesbaden
Wiese,Wiese
Wiesemann,Wiesemann
Wigand,Wigand
Wilberg,Wilberg
Wilhelm,Wilhelm
Wille zur Macht,Wille zur Macht
Willenbring,Willenbring
Willers,Willers
Willert,Willert
Willi,Willi
Willwerth,Willwerth
Windisch,Windisch
windwatt,Windwatt
Winkels,Winkels
Winker,Winker
Winterkorn,Winterkorn
Winterstein,Winterstein
Winzer,Winzer
wisent,Wisent
Wiss,Wiss
Wissel,Wissel
Wisser,Wisser
Wittenburg,Wittenburg
Wittman,Wittmann
Wittmann,Wittmann
Wittner,Wittner
Witwer,Witwer
Witzelsucht,Witzelsucht
wodanium,Wodanium
Woehler,Wöhler
Woeste,Wöste
Wohl,Wohl
Wohlgemuth,Wohlgemuth
Woldt,Woldt
Wolf,wolf
Wolfenstein,Wolfenstein
Wolfgang,Wolfgang
wolfram,Wolfram
wolfsangel,Wolfsangel
Wolken,Wolken
Wollner,Wollner
wolpertinger,Wolpertinger
Wormuth,Wormuth
Worst,Worst
Wotanism,Wotan
Wruck,Wruck
Wuest,Wüst
Wulst,Wulst
Wunderkammer,Wunderkammer
wunderkind,Wunderkind
Wurlitzer,Wurlitzer
wurst,Wurst
Württemberg,Württemberg
wurzel,Wurzel
Wurzer,Wurzer
yager,Jäger
Yantis,Janz
Yeager,Jäger
yurt,Jurte
Zabel,Zabel
Zahn,Zahn
Zamzow,Zamzow
zander,Zander
Zanger,Zanger
Zarling,Zarling
Zaun,Zaun
Zeiner,Zeiner
Zeisler,Zeisler
Zeiss,Zeiß
zeitgeber,Zeitgeber
zeitgeist,Zeitgeist
zeitnot,Zeitnot
Zeller,Zeller
Zellner,Zellner
Zemke,Zemke
Zener,Zener
Zenger,Zenger
Zenker,Zenker
Zenz,Zenz
zenzic,zenzi
Zeppelin,Zeppelin
Zermatt,please add this translation if you can
Zettel,Zettel
Zettelkasten,Zettelkasten
Zeug,Zeug
ziege,Ziege
Ziegenfuss,Ziegenfuss
Ziesmer,Ziesmer
Zietz,Zietz
zigeuner,Zigeuner
Ziggy,Siggi
Zilch,Zilch
Ziller,Ziller
Zimdars,Zimdars
Zimmermann,Zimmermann
zingel,Zingel
Zinke,Zinke
Zinsser,Zinsser
Zipser,Zipser
zircon,Zirkon
zischägge,Zischägge
zither,Zither
Zoeller,Zöller
Zoellner,Zöllner
zollpfund,Zollpfund
Zollverein,Zollverein
Zornhau,Zornhau
Zucker,Zucker
Zuckerberg,Zuckerberg
zuckergussleber,Zuckergussleber
Zuckerman,Zuckermann
Zuckermann,Zuckermann
Zufall,Zufall
zugunruhe,Zugunruhe
zugzwang,Zugzwang
Zuhlke,Zühlke
Zulauf,Zulauf
Zuleger,Zuleger
Zurich,Zürich
Zweifach,Zweifach
Zweihänder,Zweihänder
Zwergspitz,Zwergspitz
Zwilling,Zwilling
zwischenschach,Zwischenschach
zwitterion,Zwitterion
